{
  "scorer_name": "auc",
  "direction": "maximize",
  "cv_mean": 0.8798445620074091,
  "cv_std": 0.005468221402500675,
  "fold_scores": [
    0.8858811250972238,
    0.8764272713323493,
    0.8823909903331799,
    0.8836477404403245,
    0.8708756828339679
  ],
  "n_folds": 5,
  "best_fold": 1,
  "n_features": 13,
  "feature_names": [
    "PassengerId",
    "HomePlanet",
    "CryoSleep",
    "Cabin",
    "Destination",
    "Age",
    "VIP",
    "RoomService",
    "FoodCourt",
    "ShoppingMall",
    "Spa",
    "VRDeck",
    "Name"
  ],
  "target_col": "Transported",
  "n_rows": 8693
}